{
  "project_info": {
    "project_number": "912148852051",
    "project_id": "fir-73310",
    "storage_bucket": "fir-73310.appspot.com"
  },
  "client": [
    {
      "client_info": {
        "mobilesdk_app_id": "1:912148852051:android:a2e2490b493b68fa9b85a6",
        "android_client_info": {
          "package_name": "com.example.module_6"
        }
      },
      "oauth_client": [],
      "api_key": [
        {
          "current_key": "AIzaSyCZ9Vw8I-AdF0HJZ-8ppgsvoKqUo_FD0JM"
        }
      ],
      "services": {
        "appinvite_service": {
          "other_platform_oauth_client": []
        }
      }
    },
    {
      "client_info": {
        "mobilesdk_app_id": "1:912148852051:android:78dcc124cbd211109b85a6",
        "android_client_info": {
          "package_name": "com.example.whatsapp_status"
        }
      },
      "oauth_client": [],
      "api_key": [
        {
          "current_key": "AIzaSyCZ9Vw8I-AdF0HJZ-8ppgsvoKqUo_FD0JM"
        }
      ],
      "services": {
        "appinvite_service": {
          "other_platform_oauth_client": []
        }
      }
    },
    {
      "client_info": {
        "mobilesdk_app_id": "1:912148852051:android:fc46167bae2c2c3d9b85a6",
        "android_client_info": {
          "package_name": "com.example.wp_status_saver_app"
        }
      },
      "oauth_client": [],
      "api_key": [
        {
          "current_key": "AIzaSyCZ9Vw8I-AdF0HJZ-8ppgsvoKqUo_FD0JM"
        }
      ],
      "services": {
        "appinvite_service": {
          "other_platform_oauth_client": []
        }
      }
    }
  ],
  "configuration_version": "1"
}